title,date,slug,keywords
Allergia alla polvere: sintomi e rimedi naturali,2025-02-05,allergia-alla-polvere--sintomi-e-rimedi-naturali,irritati; vestito; chiuso; pizzicore; sempre; qualche; parlare; mattina; quando; ambienti; chiusi; giornata; starnutire; specie; indossi; armadio; Quando; avverti; fastidio
Inestetismi della cellulite: scopri ora quali sono! ,2025-04-02,inestetismi-della-cellulite--scopri-ora-quali-sono-,sicure; assistiamo; durante; aumento; comprendono; realmente; essere; notato; cellulite; inestetismi; promettono; scegliere; estate; prodotti; questi; famigerati; eliminarli; contrastare; pubblicità
Detox dopo le feste natalizie: integratori e rimedi naturali,2025-01-08,detox-dopo-le-feste-natalizie--integratori-e-rimedi-naturali,abbuffate; niente; proprio; seguire; evitarlo; migliori; esagerato; natalizie; Natale; potuto; chiede; nonostante; integratori; naturali; rimedi; promesso; promesse; invece; valutare; propositi
"Come depurare la pelle: rimedi naturali, dieta e trattamenti",2025-04-23,come-depurare-la-pelle--rimedi-naturali--dieta-e-trattamenti,giusto; alimenti; cercando; trattamenti; scoprirai; depurare; luminoso; efficace; Ottima; articolo; questo; utilizzati; naturali; rimedi; naturale; impurità; notizia; liberare; consigliati; tisane
Psicobiotici in commercio: cosa c’è da sapere,2025-01-15,psicobiotici-in-commercio--cosa-c--da-sapere,psicobiotici; crampi; esistono; fossero; stress; sentito; stressante; collegati; intestino; direttamente; commercio; sistema; gonfio; situazione; mentale; avverti; subito; riflettesse; digestivo
Alimenti ricchi di Ferro: ecco quali scegliere!,2025-01-22,alimenti-ricchi-di-ferro--ecco-quali-scegliere-,prezioso; indice; lettura; scegliere; giusto; proprio; scoprire; alimenti; navigando; dettagliato; argomenti; articolo; perché; approfondire; nutriente; questo; ricchi
Probiotici e prebiotici insieme: la scelta migliore in farmacia,2025-01-29,probiotici-e-prebiotici-insieme--la-scelta-migliore-in-farmacia,appena; bisogno; terminato; semplicemente; intestinali; irregolare; benessere; antibiotico; transito; intestino; ripristinare; equilibrio; prenderti; intestinale; Oppure; episodi; digestivo; disturbi; trattamento
Qual è il miglior Collagene da bere per la pelle,2025-02-10,qual---il-miglior-collagene-da-bere-per-la-pelle,appena; considerato; ricerche; caratteristiche; trovato; peptidi; miglior; scoprire; Collagene; navigando; quello; bioattivi; Contiene; essere; cercando; migliore; integratore; idrolizzato
Per le rughe è meglio il Collagene o l’Acido Ialuronico?,2025-02-19,per-le-rughe---meglio-il-collagene-o-l-acido-ialuronico-,mirato; invecchiamento; appare; guasterebbe; affatto; sembra; Collagene; segnato; essere; Tuttavia; meglio; cutaneo; qualche; Ialuronico; effetto; rimpolpante
A che età assumere Collagene?,2025-03-05,a-che-et--assumere-collagene-,profonde; Collagene; possono; cambiamenti; importanza; fluidità; movimenti; elasticità; lassità; quanto; integrazione; assumere; segnali; riflettere; perdita; inserirlo; articolari; tessuti; mirata; cutanea
Benessere di stomaco e intestino: guida alla scelta dell’integratore giusto,2025-05-15,benessere-di-stomaco-e-intestino--guida-alla-scelta-dell-integratore-giusto,sensazione; quotidianamente; minimo; Generale; stomaco; diverse; widgets; benessere; gastrointestinale; intestino; addominale; esigenze; gonfiore; fiamme; persona; Quando; convive; sensibile; cambiamento; Banner
Acido folico per capelli: la verità che (forse) ancora non sai,2025-03-26,acido-folico-per-capelli--la-verit--che--forse--ancora-non-sai,benefici; corrisponde; inclusi; ultimi; vedendo; capelli; verità; Durante; folico; Instagram; quelle; segreti; domandando; disparati; toccano; bellezza; conversazioni; chiacchierata; scoperto; amiche
Febbre da fieno: periodo e rimedi naturali indicati,2025-04-15,febbre-da-fieno--periodo-e-rimedi-naturali-indicati,chiedendo; periodo; sempre; prurito; probabilmente; iniziano; febbre; risposta; pollini; diverso; indicati; naturali; rimedi; dipende; Febbre; starnuti; univoca; critico; tormentano
Caduta capelli e ormoni,2025-04-09,caduta-capelli-e-ormoni,scoprirai; perdere; giusto; questa; principali; ormone; domanda; legata; caduta; articolo; capelli; ormoni; chiedi; giustamente; questo; responsabile
I capelli grassi cadono più facilmente? Ecco la verità,2025-03-12,i-capelli-grassi-cadono-pi--facilmente--ecco-la-verit-,chiedendo; giusto; davvero; alcuni; articolo; capelli; questo; facilmente; favorire; naturali; rimedi; esploreremo; sveleremo; grassi; principali; caduta; eccesso; vedremo; cadano
Legumi e colon irritabile: scopri quali scegliere e come prepararli,2025-02-26,legumi-e-colon-irritabile--scopri-quali-scegliere-e-come-prepararli,consumare; straordinari; alcune; irritabile; mangiare; infatti; benefici; giusto; accortezze; legumi; nutrizionali; capire; risposta; celebri; cercando; soffre; ricchi
Sonno e sport: come e quando allenarsi per dormire,2025-04-30,sonno-e-sport--come-e-quando-allenarsi-per-dormire,densità; incrementa; Praticare; livelli; fisica; cognitive; impatto; mantenere; pilastri; benessere; energia; regolarmente; funzioni; corporeo; equilibrio; nostro; attività; sostiene; positivo; contribuisce
Dieta del riso: cosa è importante sapere,2025-05-07,dieta-del-riso--cosa---importante-sapere,indice; tornato; importante; giusto; proprio; ultimamente; argomenti; saperne; sapere; parlare; scoprirai; Grazie; particolare; regime; articolo; questo; lettura; sentito; alimentare; dettagliato
Pulizia del Colon naturale fai da te: ecco come fare,2025-05-21,pulizia-del-colon-naturale-fai-da-te--ecco-come-fare,sensazione; pulizia; giusto; ultimamente; crampi; tensione; irregolarità; sapere; arrivato; spesso; pancia; segnali; addominale; naturale; gonfiore; intestinale; Quando; pesantezza; mandarti; momento
Carbossiterapia contro la cellulite: funziona?,2025-05-23,carbossiterapia-contro-la-cellulite--funziona-,cellulite; funzione; inestetismi; carbossiterapia; trattamento; azione; contro; beneficiare; funziona; Meccanismo; estetico; massimo; articolo; davvero; questo
Caduta dei capelli in estate: cause e rimedi,2025-09-03,caduta-dei-capelli-in-estate--cause-e-rimedi,esaltare; spazzole; proprio; estivi; giusto; scoprirai; adottare; Grazie; cuscini; articolo; capelli; lettura; rimedi; estate; trovare; bellezza; Quando; arrivano; caduta
Come riattivare il microcircolo con estratti naturali,2025-05-28,come-riattivare-il-microcircolo-con-estratti-naturali,sensazione; alleviare; tormento; sapere; stanche; diventate; iniziano; spesso; Benvenuta; pesare; benvenuto; nostro; pesanti; qualcosa; gonfiore; questa; pesantezza; Esisterà; macigni
Vino e menopausa: cosa è utile sapere,2025-06-04,vino-e-menopausa--cosa---utile-sapere,doloroso; abbondante; calice; saggio; solito; menopausa; inizio; alcune; inesorabile; soprattutto; piaceri; liberazione; declino; innegabilmente; salutare; spensierata; libera; spauracchio; mensile; appuntamento
Quanto camminare per dimagrire?,2025-05-26,quanto-camminare-per-dimagrire-,chiedendo; troppo; cuscinetti; prendono; localizzati; frenesia; oggigiorno; dimagrire; problema; cattive; comune; spesso; Quanto; alimentari; sedentarietà; abitudini; camminare; quotidiana; Viviamo; momento
Come rinforzare vene e capillari,2025-06-20,come-rinforzare-vene-e-capillari,ricoperte; capillari; interamente; ventenne; averli; dovuto; rassegnarmi; rispetto; avanzare; sarebbero; apparire; precocemente; termine; visita; temere; Quando; allarmata; genetica; specialistica; amiche
Olio di oliva e colesterolo: cosa sapere,2025-07-02,olio-di-oliva-e-colesterolo--cosa-sapere,monoinsaturo; accanita; esempio; contro; sempre; siccome; domanda; tratta; panacea; toccasana; ultimi; seppur; Tuttavia; interno; caratterizzati; colesterolo; considerato; esterno; grasso; grassi
Sostieni il benessere della prostata con i rimedi della nonna,2025-06-27,sostieni-il-benessere-della-prostata-con-i-rimedi-della-nonna,fenomeno; prostata; alcune; crescono; benessere; esempio; semplice; ingrossarsi; dipendere; naturale; sostenere; ormonale; orecchie; menopausa; passare; stesso; sapere; nostro
Come dormire con l’acidità di stomaco?,2025-09-19,come-dormire-con-l-acidit--di-stomaco-,alleviare; riuscire; disperatamente; cercando; riposare; svegliarti; stomaco; durante; avessi; mattino; rigirarti; battaglia; questo; capita; finalmente; combattuto; posizione; giusta; acidità; stanco
Statine e intestino: il ruolo del microbiota nel benessere cardiovascolare,2025-10-06,statine-e-intestino--il-ruolo-del-microbiota-nel-benessere-cardiovascolare,silenzioso; rischio; rappresenta; fattori; facendo; ipercolesterolemia; essere; sostenere; quando; benessere; colesterolo; infatti; statina; presente; nemico; principali; eccesso; assumendo; cardiovascolare
Il tuo farmaco anti-reflusso e il tuo intestino: una connessione da conoscere,2025-10-15,il-tuo-farmaco-anti-reflusso-e-il-tuo-intestino--una-connessione-da-conoscere,gastrite; omeprazolo; produzione; impiego; gastroesofageo; gestione; stomaco; lansoprazolo; prescritti; ulcera; condizioni; esomeprazolo; utilizzati; pantoprazolo; protonica; farmaci; inibitori; trovano; reflusso; ridurre
Stress e intestino: perché se sei stressato la pancia va in tilt?,2025-10-23,stress-e-intestino--perch--se-sei-stressato-la-pancia-va-in-tilt-,importante; proprio; periodo; durante; bloccato; correre; veloce; parlare; riunione; dovuto; maratoneta; stress; dovevi; improvviso; stressante; intestino; magari; capitato; Oppure; traffico
Vitamina D quando prenderla: prima o dopo i pasti?,2025-11-12,vitamina-d-quando-prenderla--prima-o-dopo-i-pasti-,starai; iniziato; assumere; chiedendo; mattina; prenderla; colazione; domande; possono; assunta; legittime; vitamina; probabilmente; Meglio; quando; perché; stomaco; sembrare
Selenio per la pelle: quali sono i benefici,2025-11-19,selenio-per-la-pelle--quali-sono-i-benefici,benefici; funzionamento; tratta; parlare; lavora; essenziale; articolo; apporterebbe; perché; questo; Selenio; organismo; sentito; aspetti; Inoltre; minerale; nostro; sostiene; diversi
