health_area,product
allergisan,Allergisan
Ananas,Biosnel Formula Potenziata
blink,Cartilagea
blink,Cartilagea (Copia)
Integratori Naturali per Stomaco e Intestino,Colonsan Formula Potenziata
Ananas,Dimasal Nuova Formula
Integratori Naturali per la Diuresi,Diuresan Formula Potenziata
Integratori Naturali per le Difese Immunitarie e le Ossa,DKE + Magnesio
Integratori Naturali Energizzanti,Energea+ Nuova Formula
Integratori Naturali per il Fegato,Epasal
catalogo_facebook,Ferro + B12
Apparato_Cardiocircolatorio,Glutatione Forte
Apparato_Respiratorio,Goladoc
Integratori Naturali per le Difese Immunitarie dei Bambini,Immuno Bimbi
Apparato_Sistema Immunitario,ImmunoGea
Anice Stellato,Intestinum Forte
Integratori Naturali per i Capelli,Kiomasal
Integratori Naturali per Colesterolo e Trigliceridi,Liposan Forte Nuova Formula
Integratori di Collagene,LuxGea Pelle
Integratori Naturali per Memoria e Concentrazione,Memosan
Integratori Naturali di Omega 3,Omega 3 Krill Oil
Integratori Naturali per la Menopausa,Pausanorm Forte
Apparato_Digerente,ProbioGea Donna
Apparato_Digerente,ProbioGea Intestino
Apparato_Digerente,ProbioGea Mente
Apparato_Riproduttivo,Prostadoc
Amla,Reflugea Forte
catalogo_facebook,Reflugea Rapido
catalogo_facebook,Reset Intestino
Integratori Naturali Rilassanti,Rilassa Mente
"Integratori Naturali per Articolazioni, Tendini e Legamenti",Sanaos Nuova Formula
Integratori Naturali per il Benessere delle Vie Urinarie,Sanuril Formula Potenziata
Integratori Naturali per Dormire,Serena Notte
Integratori Naturali per il Vigore Maschile,Sincrovir
Integratori Naturali per lo Sport e la Resistenza Fisica,Sport 1 Endurance
Integratori Naturali per il Recupero dello Sportivo,Sport 2 Recupero
Integratori Naturali per Colesterolo e Trigliceridi,Succo di Acai Bio
Integratori Naturali per le Difese Immunitarie e le Ossa,Succo di Acerola Bio
"Integratori Naturali per Stomaco, Intestino e Depurazione",Succo di Aloe Vera Bio
Integratori Naturali Antiossidanti,Succo di Aronia Bio
Integratori Naturali per il Benessere delle Vie Urinarie,Succo di Cranberry Bio
Integratori Naturali Energizzanti,Succo di Goji Bio
Integratori Naturali per il Benessere Gastrointestinale,Succo di Mangostano Bio
Integratori Naturali Antiossidanti,Succo di Maqui Bio
Integratori Naturali Antiossidanti,Succo di Melograno Bio
Integratori Naturali Energizzanti,Succo di Noni Bio
Integratori Naturali Energizzanti,Succo di Olivello Spinoso Bio
Integratori Naturali per le Difese Immunitarie e le Ossa,Succo di Sambuco Bio
Integratori Naturali per Vene e Circolazione,Venasal
