title,health_area
Allergisan,
Biosnel Formula Potenziata,
Cartilagea,
Cartilagea (Copia),
Colonsan Formula Potenziata,Integratori Naturali per Stomaco e Intestino
Dimasal Nuova Formula,
Diuresan Formula Potenziata,Integratori Naturali per la Diuresi
DKE + Magnesio,Integratori Naturali per le Difese Immunitarie e le Ossa
Energea+ Nuova Formula,Integratori Naturali Energizzanti
Epasal,Integratori Naturali per il Fegato
Ferro + B12,
Glutatione Forte,
Goladoc,
Immuno Bimbi,Integratori Naturali per le Difese Immunitarie dei Bambini
ImmunoGea,
Intestinum Forte,
Kiomasal,Integratori Naturali per i Capelli
Liposan Forte Nuova Formula,Integratori Naturali per Colesterolo e Trigliceridi
LuxGea Pelle,Integratori di Collagene
Memosan,Integratori Naturali per Memoria e Concentrazione
Omega 3 Krill Oil,Integratori Naturali di Omega 3
Pausanorm Forte,Integratori Naturali per la Menopausa
ProbioGea Donna,
ProbioGea Intestino,
ProbioGea Mente,
Prostadoc,
Reflugea Forte,
Reflugea Rapido,
Reset Intestino,
Rilassa Mente,Integratori Naturali Rilassanti
Sanaos Nuova Formula,"Integratori Naturali per Articolazioni, Tendini e Legamenti"
Sanuril Formula Potenziata,Integratori Naturali per il Benessere delle Vie Urinarie
Serena Notte,Integratori Naturali per Dormire
Sincrovir,Integratori Naturali per il Vigore Maschile
Sport 1 Endurance,Integratori Naturali per lo Sport e la Resistenza Fisica
Sport 2 Recupero,Integratori Naturali per il Recupero dello Sportivo
Succo di Acai Bio,Integratori Naturali per Colesterolo e Trigliceridi
Succo di Acerola Bio,Integratori Naturali per le Difese Immunitarie e le Ossa
Succo di Aloe Vera Bio,"Integratori Naturali per Stomaco, Intestino e Depurazione"
Succo di Aronia Bio,Integratori Naturali Antiossidanti
Succo di Cranberry Bio,Integratori Naturali per il Benessere delle Vie Urinarie
Succo di Goji Bio,Integratori Naturali Energizzanti
Succo di Mangostano Bio,Integratori Naturali per il Benessere Gastrointestinale
Succo di Maqui Bio,Integratori Naturali Antiossidanti
Succo di Melograno Bio,Integratori Naturali Antiossidanti
Succo di Noni Bio,Integratori Naturali Energizzanti
Succo di Olivello Spinoso Bio,Integratori Naturali Energizzanti
Succo di Sambuco Bio,Integratori Naturali per le Difese Immunitarie e le Ossa
Venasal,Integratori Naturali per Vene e Circolazione
