eans,sku,brand,title,categoryPath,url,price
8059591580332,87,Salugea,Venasal,"Integratori a base di Rusco > Prodotti Naturali > Beauty Week | Benessere dentro, Bellezza fuori > Integratori Naturali Salugea > Integratori a base di Amamelide > Integratori Anticellulite > Coupon applicabile > Integratori a base di Meliloto > 13° Compleanno Salugea > Prodotti Singoli Meno Promo (tool) > All products > Integratori a base di Ribes Nero > Integratori per Donne > Integratori a base di Ippocastano > Integratori Naturali adatti a Vegani e Vegetariani > Tutti meno memosan > Tutti meno programmi > Promo Gambe Leggere > Integratori per Vene e Capillari",https://salugea.com/products/venasal?variant=32355388227649&om=14641,31.84
8059591580356,61,Salugea,DKE + Magnesio,Health & Beauty > Health Care > Fitness & Nutrition > Vitamins & Supplements,https://salugea.com/products/dke-magnesio?variant=31926520152129&om=14641,32.64
8059591580363,65,Salugea,Biosnel Formula Potenziata,"Integratori a base di Vite Rossa > All products > Integratori per Vene e Capillari > Tutti meno memosan > Remise en forme > Integratori 100% Naturali per il tuo benessere e la tua bellezza > Integratori naturali con Bromelina > Promo Gambe Leggere > Prodotti Singoli Meno Promo (tool) > Integratori per Donne > Coupon applicabile > Prodotti Naturali > not-on-sale-welcome > Integratori a base di Gynostemma > Integratori a base di Garcinia > Integratori a base di Centella asiatica > Integratori a base di Ananas > Tutti meno programmi > 13° Compleanno Salugea > Integratori Naturali adatti a Vegani e Vegetariani > Beauty Week | Benessere dentro, Bellezza fuori > Integratori Anticellulite",https://salugea.com/products/biosnel?variant=31917024378945&om=14641,31.36
8059591580370,66,Salugea,Colonsan Formula Potenziata,Integratori Naturali adatti a Vegani e Vegetariani > Coupon applicabile > Tutti meno memosan > not-on-sale-welcome > Prodotti Naturali > Promo Stomaco e Intestino > Integratori Naturali Salugea > Integratori a base di Malva > Integratori a base di Zenzero > Tutti meno programmi > All products > 13° Compleanno Salugea > Integratori per la Digestione 100% Naturali > Integratori a base di Finocchio > Integratori a base di Tarassaco > Integratori naturali per l'intestino > Integratori per l'apparato digerente > Integratori a base di Melissa > Prodotti Singoli Meno Promo (tool),https://salugea.com/products/colonsan?variant=31926343303233&om=14641,29.12
8059591580387,67,Salugea,Diuresan Formula Potenziata,"Integratori a base di Frassino > Integratori a base di Ibisco > Integratori per Donne > Integratori per l'apparato urinario > Beauty Week | Benessere dentro, Bellezza fuori > 13° Compleanno Salugea > Remise en forme > Prodotti Singoli Meno Promo (tool) > Integratori per Vene e Capillari > Integratori Anticellulite > All products > Tutti meno memosan > Coupon applicabile > Depurazione 100% Naturale > Prodotti Naturali > Integratori 100% Naturali per il tuo benessere e la tua bellezza > Integratori Depurativi > Promo Gambe Leggere > Integratori per le Vie Urinarie > Integratori a base di Pilosella > Integratori Naturali adatti a Vegani e Vegetariani > Integratori a base di Betulla > Integratori a base di Ortosiphon > Tutti meno programmi > not-on-sale-welcome",https://salugea.com/products/diuresan?variant=31926432301121&om=14641,32.16
8059591580424,71,Salugea,Memosan,Integratori a base di Schisandra > Integratori a base di Bacopa > Giornata della Felicità > Prodotti Naturali > Integratori per lo Studio > Tutti meno programmi > Promo Energia Salugea > Integratori contro lo Stress 100% Naturali > Integratori per Sportivi > All products > Integratori Naturali Salugea > Integratori a base di Centella asiatica > Integratori per il Sistema Nervoso > Integratori per la Stanchezza > Integratori Naturali adatti a Vegani e Vegetariani > Integratori per Uomini > Prodotti Singoli Meno Promo (tool) > Integratori per Anziani > Integratori a base di Rhodiola > Coupon applicabile > Integratori per la Mente 100% Naturali > Addio stress da rientro - Oggi fino al 20% di sconto! > 13° Compleanno Salugea > Integratori a base di Reishi,https://salugea.com/products/memosan?variant=31926583623745&om=14641,30.88
8059591580431,72,Salugea,Omega 3 Krill Oil,Integratori per l'apparato cardiocircolatorio > Integratori per Uomini > Integratori per il Colesterolo e i Trigliceridi > Integratori per il Cuore > Integratori Naturali Salugea > Addio stress da rientro - Oggi fino al 20% di sconto! > All products > Integratori per il Sistema Nervoso > Tutti meno programmi > Integratori per il Fegato > 13° Compleanno Salugea > Integratori per l'abbronzatura > Integratori per muscoli e nervi > Integratori Antiossidanti e Antiaging > Integratori per le Ossa e le Articolazioni 100% Naturali > Integratori per Sportivi > Coupon applicabile > Integratori per l'apparato riproduttivo > Prodotti Naturali > Integratori per l'apparato osteo-articolare > Settimana delle Difese Immunitarie > Tutti meno memosan > Integratori per Donne > Integratori di Omega 3 > Integratori di Colina > Integratori di Astaxantina > Prodotti Singoli Meno Promo (tool),https://salugea.com/products/omega-3-krill-oil?variant=31926594568257&om=14641,36.16
8059591580448,73,Salugea,Pausanorm Forte,Tutti meno memosan > Integratori a base di Kudzu > Integratori a base di Verbena > Integratori a base di Trifoglio rosso > Integratori Naturali adatti a Vegani e Vegetariani > 13° Compleanno Salugea > Tutti meno programmi > Integratori per la Menopausa Naturali al 100% > Integratori per l'apparato riproduttivo > Prodotti Naturali > Coupon applicabile > Integratori per Donne > Prodotti Singoli Meno Promo (tool) > Integratori a base di Dioscorea > All products > Integratori a base di Angelica sinensis,https://salugea.com/products/pausanorm-forte?variant=31926599450689&om=14641,33.76
8059591580455,74,Salugea,Rilassa Mente,Integratori per lo Studio > Integratori a base di Biancospino > Integratori a base di Melissa > Integratori contro lo Stress 100% Naturali > Integratori per muscoli e nervi > Remise en forme > Tutti meno programmi > Coupon applicabile > Integratori Naturali adatti a Vegani e Vegetariani > Tutti meno memosan > Integratori a base di Giuggiolo > All products > Integratori a base di Griffonia > Addio stress da rientro - Oggi fino al 20% di sconto! > not-on-sale-welcome > 13° Compleanno Salugea > Integratori per il Cuore > Integratori per il Sistema Nervoso > Integratori per la Mente 100% Naturali > Integratori per il Sonno 100% Naturali > Integratori per Uomini > Prodotti Naturali > Prodotti Singoli Meno Promo (tool) > Giornata della Felicità > Integratori per Donne > Integratori Naturali Salugea,https://salugea.com/products/rilassa-mente?variant=31926615179329&om=14641,30.24
8059591580479,76,Salugea,Sanuril Formula Potenziata,Integratori Naturali Salugea > Tutti meno memosan > Integratori a base di Uva Ursina > Integratori a base di Pompelmo > Prodotti Singoli Meno Promo (tool) > 13° Compleanno Salugea > Integratori per le Vie Urinarie > Integratori a base di Mirtillo Rosso Americano (Cranberry) > All products > Integratori per l'apparato urinario > Coupon applicabile > Prodotti Naturali > Tutti meno programmi > Integratori a base di D-Mannosio > Integratori Naturali adatti a Vegani e Vegetariani,https://salugea.com/products/sanuril?variant=31926641524801&om=14641,30.72
8059591580486,77,Salugea,Serena Notte,Prodotti Singoli Meno Promo (tool) > Prodotti Naturali > Integratori a base di Valeriana > Integratori Naturali Salugea > Integratori Naturali adatti a Vegani e Vegetariani > Integratori per il Sonno 100% Naturali > Integratori contro lo Stress 100% Naturali > Tutti meno programmi > Coupon applicabile > Giornata della Felicità > Integratori a base di Escolzia > Addio stress da rientro - Oggi fino al 20% di sconto! > Tutti meno memosan > All products > Integratori per Uomini > Integratori a base di Luppolo > Integratori per la Mente 100% Naturali > Integratori a base di Tiglio > 13° Compleanno Salugea > Integratori per il Sistema Nervoso,https://salugea.com/products/serena-notte?variant=31926704504897&om=14641,30.88
8059591580493,78,Salugea,Sport 1 Endurance,Integratori a base di Suma > Tutti meno programmi > Integratori Naturali adatti a Vegani e Vegetariani > Promo Energia Salugea > Integratori Energizzanti Naturali > Tutti meno memosan > Coupon applicabile > Integratori Naturali Salugea > All products > Integratori per muscoli e nervi > Integratori a base di Cordyceps > Prodotti Singoli Meno Promo (tool) > 13° Compleanno Salugea > Prodotti Naturali > Integratori a base di Damiana > Integratori a base di Eleuterococco > Integratori per Sportivi,https://salugea.com/products/sport-1-endurance?variant=31926797336641&om=14641,29.28
8059591580509,79,Salugea,Sport 2 Recupero,Integratori Energizzanti Naturali > 13° Compleanno Salugea > Integratori Naturali adatti a Vegani e Vegetariani > Integratori Naturali Salugea > Prodotti Singoli Meno Promo (tool) > Tutti meno programmi > Integratori a base di Sambuco > Promo Energia Salugea > Integratori per Sportivi > Coupon applicabile > Integratori a base di Spirulina > Integratori a base di Melograno > All products > Tutti meno memosan > Integratori a base di Maqui > Integratori a base di Semi d'Uva > Prodotti Naturali,https://salugea.com/products/sport-2-recupero?variant=31926801301569&om=14641,29.28
8059591580516,81,Salugea,Epasal,"13° Compleanno Salugea > not-on-sale-welcome > Tutti meno programmi > Remise en forme > Prodotti Naturali > All products > Integratori per Capelli > Integratori a base di Cardo Mariano > Integratori per il Fegato > Integratori Naturali adatti a Vegani e Vegetariani > Integratori a base di Fumaria > Integratori a base di Olivattiva®70 > Integratori per la Pelle Naturali > Tutti meno memosan > Promo Stomaco e Intestino > Integratori a base di Fillanto > Depurazione 100% Naturale > Integratori Depurativi > Integratori a base di Carciofo > Integratori per il Colesterolo e i Trigliceridi > Prodotti Singoli Meno Promo (tool) > Integratori Anticellulite > Integratori Naturali Salugea > Coupon applicabile > Beauty Week | Benessere dentro, Bellezza fuori",https://salugea.com/products/epasal?variant=31926534045761&om=14641,34.24
8059591580530,83,Salugea,Sincrovir,Tutti meno memosan > All products > Coupon applicabile > Integratori a base di L-Ornitina > Integratori a base di L-Arginina > Integratori Naturali Salugea > Integratori a base di Maca > Integratori a base di Catuaba > Prodotti Singoli Meno Promo (tool) > Prodotti Naturali > Integratori a base di Muira Puama > Integratori a base di Pino Marittimo > Integratori a base di Peperoncino > Integratori a base di L-Citrullina > Integratori a base di Glutatione Ridotto > Integratori a base di Ginseng > Tutti meno programmi > Integratori per Uomini > Integratori per l'apparato riproduttivo > Integratori a base di Acido L-Aspartico > Energea e Sincrovir,https://salugea.com/products/sincrovir?variant=31926714335297&om=14641,42.08
8059591580547,84,Salugea,Sanaos Nuova Formula,Prodotti Naturali > Prodotti Singoli Meno Promo (tool) > Tutti meno programmi > All products > 13° Compleanno Salugea > Tutti meno memosan > Integratori a base di Mirra > Integratori per Anziani > Integratori a base di Frassino > Integratori a base di Artiglio del Diavolo > Integratori a base di Boswellia > Integratori a base di Semi d'Uva > Coupon applicabile > Integratori Naturali Salugea > Integratori per l'apparato osteo-articolare > Integratori Naturali adatti a Vegani e Vegetariani > Integratori per Sportivi > Integratori per muscoli e nervi > Integratori per le Ossa e le Articolazioni 100% Naturali,https://salugea.com/products/sanaos?variant=31926631366721&om=14641,30.72
8059591580554,85,Salugea,Immuno Bimbi,Promo difese per custom promo > Integratori a base di Sambuco > Coupon applicabile > Integratori a base di Propoli > Integratori di Vitamina D naturale > Integratori di Vitamina C Naturale > Prodotti Singoli Meno Promo (tool) > Integratori di Selenio > All products > Settimana delle Difese Immunitarie > Tutti meno memosan > Integratori a base di Astragalo > Integratori di Zinco > Tutti meno programmi > Integratori per Bambini > Integratori per le Difese Immunitarie > Prodotti Naturali > Integratori a base di Rosa canina > Integratori per il Sistema immunitario > Integratori a base di Coriolus > Integratori Naturali Salugea > not-on-sale-welcome,https://salugea.com/products/immuno-bimbi?variant=54786603614593&om=14641,23.84
8059591580561,86,Salugea,Glutatione Forte,13° Compleanno Salugea > Integratori per Sportivi > Settimana delle Difese Immunitarie > Depurazione 100% Naturale > Integratori per Uomini > Integratori Antiossidanti e Antiaging > Coupon applicabile > Integratori per Donne > Remise en forme > Integratori per il Fegato > Integratori Depurativi > All products > Integratori Naturali Salugea > Integratori per Anziani > Promo difese per custom promo > Integratori per le Difese Immunitarie > Tutti meno programmi > Integratori per la Mente 100% Naturali > Integratori Naturali adatti a Vegani e Vegetariani > Integratori per la Stanchezza > Integratori per l'abbronzatura > Integratori per le Ossa e le Articolazioni 100% Naturali > Integratori per la Pelle Naturali > Integratori a base di Glutatione Ridotto > Integratori a base di Quercetina > Integratori a base di Naringenina > Integratori a base di OxiP® > Integratori di Selenio > Integratori per l'apparato cardiocircolatorio > Prodotti Naturali > Prodotti Singoli Meno Promo (tool) > Integratori per il Sistema immunitario > Tutti meno memosan,https://salugea.com/products/glutatione-forte?variant=39841601192001&om=14641,36.16
8059591580578,88,Salugea,Liposan Forte Nuova Formula,Tutti meno programmi > Coupon applicabile > Integratori Naturali Salugea > Prodotti Singoli Meno Promo (tool) > 13° Compleanno Salugea > Integratori per il Colesterolo e i Trigliceridi > Integratori Naturali adatti a Vegani e Vegetariani > Integratori per l'apparato cardiocircolatorio > Integratori a base di Cardo Mariano > Integratori a base di Crespino > Integratori a base di Aglio nero > Integratori a base di Riso rosso fermentato > Integratori a base di Rosmarino > All products > Tutti meno memosan > Prodotti Naturali > not-on-sale-welcome,https://salugea.com/products/liposan-forte?variant=31926566387777&om=14641,31.68
8059591580585,89,Salugea,Succo di Acai Bio,13° Compleanno Salugea > Prodotti Singoli Meno Promo (tool) > Coupon applicabile > Tutti meno programmi > All products > Integratori Naturali Salugea > Prodotti Naturali > Tutti meno memosan > Integratori Naturali adatti a Vegani e Vegetariani > Integratori per il Cuore > Succhi Biologici Salugea > Integratori per il Colesterolo e i Trigliceridi > Integratori per l'apparato cardiocircolatorio,https://salugea.com/products/succo-di-acai?variant=39254126100545&om=14641,23.04
8059591580592,90,Salugea,Succo di Acerola Bio,Settimana delle Difese Immunitarie > 13° Compleanno Salugea > Integratori Naturali adatti a Vegani e Vegetariani > Coupon applicabile > All products > Tutti meno programmi > Integratori per le Difese Immunitarie > Succhi Biologici Salugea > Integratori per il Sistema immunitario > Prodotti Singoli Meno Promo (tool) > Prodotti Naturali > Integratori per Bambini > Promo difese per custom promo > Tutti meno memosan > Integratori Naturali Salugea > Integratori Vitaminici,https://salugea.com/products/succo-di-acerola?variant=39254127476801&om=14641,23.36
8059591580608,91,Salugea,Succo di Aloe Vera Bio,"Coupon applicabile > Prodotti Singoli Meno Promo (tool) > Tutti meno programmi > 13° Compleanno Salugea > Integratori per la Pelle Naturali > Tutti meno memosan > Integratori Depurativi > Prodotti Naturali > Succhi Biologici Salugea > Integratori per il Sistema immunitario > Integratori Anticellulite > Remise en forme > Promo Stomaco e Intestino > Integratori Naturali Salugea > Depurazione 100% Naturale > Beauty Week | Benessere dentro, Bellezza fuori > All products > Integratori Naturali adatti a Vegani e Vegetariani",https://salugea.com/products/succo-di-aloe-vera?variant=39254130688065&om=14641,19.84
8059591580615,92,Salugea,Succo di Aronia Bio,Prodotti Naturali > Tutti meno programmi > Coupon applicabile > 13° Compleanno Salugea > Integratori Naturali adatti a Vegani e Vegetariani > Tutti meno memosan > Integratori Naturali Salugea > Prodotti Singoli Meno Promo (tool) > Integratori per la Mente 100% Naturali > Promo Gambe Leggere > All products > Succhi Biologici Salugea > Integratori per le Ossa e le Articolazioni 100% Naturali,https://salugea.com/products/succo-di-aronia?variant=39254138585153&om=14641,23.36
8059591580622,93,Salugea,Succo di Cranberry Bio,Integratori per l'apparato urinario > Tutti meno programmi > Integratori Naturali Salugea > Tutti meno memosan > Integratori Naturali adatti a Vegani e Vegetariani > Succhi Biologici Salugea > 13° Compleanno Salugea > Coupon applicabile > Integratori a base di Mirtillo Rosso Americano (Cranberry) > Integratori per le Vie Urinarie > Prodotti Singoli Meno Promo (tool) > Prodotti Naturali > All products,https://salugea.com/products/succo-di-cranberry?variant=39254141272129&om=14641,23.04
8059591580639,94,Salugea,Succo di Goji Bio,Prodotti Singoli Meno Promo (tool) > Integratori Naturali Salugea > Integratori a base di Goji > Promo Energia Salugea > 13° Compleanno Salugea > Integratori Energizzanti Naturali > Integratori Naturali adatti a Vegani e Vegetariani > Tutti meno programmi > Tutti meno memosan > All products > Integratori per la Stanchezza > Integratori per l'abbronzatura > Integratori per il Sistema immunitario > Prodotti Naturali > Succhi Biologici Salugea > Coupon applicabile > Integratori per Donne > Giornata della Felicità,https://salugea.com/products/succo-di-goji?variant=39254145990721&om=14641,25.12
8059591580646,95,Salugea,Succo di Mangostano Bio,Tutti meno memosan > Integratori Naturali Salugea > Succhi Biologici Salugea > Prodotti Naturali > All products > Coupon applicabile > Integratori per l'apparato digerente > Prodotti Singoli Meno Promo (tool) > Promo Stomaco e Intestino > Tutti meno programmi > Integratori Naturali adatti a Vegani e Vegetariani > Integratori per la Digestione 100% Naturali > 13° Compleanno Salugea,https://salugea.com/products/succo-di-mangostano?variant=39254144483393&om=14641,24.64
8059591580653,96,Salugea,Succo di Maqui Bio,"Giornata della Felicità > Prodotti Naturali > Remise en forme > Prodotti Singoli Meno Promo (tool) > 13° Compleanno Salugea > Integratori Antiossidanti e Antiaging > Beauty Week | Benessere dentro, Bellezza fuori > Integratori Anticellulite > Addio stress da rientro - Oggi fino al 20% di sconto! > Integratori per la Mente 100% Naturali > Tutti meno programmi > Integratori per la Pelle Naturali > Integratori contro lo Stress 100% Naturali > Promo Energia Salugea > Tutti meno memosan > Integratori a base di Maqui > Succhi Biologici Salugea > All products > Integratori per muscoli e nervi > Integratori Naturali adatti a Vegani e Vegetariani > Integratori Naturali Salugea > Integratori per Donne > Coupon applicabile > Integratori per Sportivi",https://salugea.com/products/succo-di-maqui?variant=39254171680833&om=14641,26.24
8059591580660,97,Salugea,Succo di Melograno Bio,Integratori a base di Melograno > Succhi Biologici Salugea > Tutti meno programmi > Integratori per Capelli > Prodotti Naturali > Integratori per l'apparato osteo-articolare > Integratori per Donne > Integratori per la Menopausa Naturali al 100% > All products > Integratori Naturali Salugea > Integratori Naturali adatti a Vegani e Vegetariani > Coupon applicabile > Integratori per l'apparato riproduttivo > Prodotti Singoli Meno Promo (tool) > Tutti meno memosan > 13° Compleanno Salugea > Integratori per la Pelle Naturali,https://salugea.com/products/succo-di-melograno?variant=39254172237889&om=14641,21.28
8059591580677,98,Salugea,Succo di Noni Bio,Succhi Biologici Salugea > Integratori per Uomini > 13° Compleanno Salugea > Prodotti Naturali > Integratori Naturali adatti a Vegani e Vegetariani > Integratori per il Sistema Nervoso > Tutti meno memosan > Integratori Naturali Salugea > Addio stress da rientro - Oggi fino al 20% di sconto! > All products > Tutti meno programmi > Coupon applicabile > Integratori contro lo Stress 100% Naturali > Prodotti Singoli Meno Promo (tool),https://salugea.com/products/succo-di-noni?variant=39254173352001&om=14641,22.72
8059591580684,99,Salugea,Succo di Olivello Spinoso Bio,Settimana delle Difese Immunitarie > Tutti meno programmi > All products > Integratori per l'abbronzatura > Succhi Biologici Salugea > Integratori per la Digestione 100% Naturali > Integratori per l'apparato digerente > Integratori Naturali Salugea > Prodotti Naturali > Promo Stomaco e Intestino > Integratori Naturali adatti a Vegani e Vegetariani > Coupon applicabile > Tutti meno memosan > 13° Compleanno Salugea > Prodotti Singoli Meno Promo (tool),https://salugea.com/products/succo-di-olivello-spinoso?variant=39254174335041&om=14641,21.6
8059591580691,220,Salugea,Succo di Sambuco Bio,Succhi Biologici Salugea > Integratori Naturali Salugea > Promo difese per custom promo > Integratori per l'apparato respiratorio > Tutti meno programmi > All products > 13° Compleanno Salugea > Integratori a base di Sambuco > Prodotti Naturali > Integratori per Bambini > Integratori per il Sistema immunitario > Integratori Naturali adatti a Vegani e Vegetariani > Tutti meno memosan > Integratori per le Difese Immunitarie > Prodotti Singoli Meno Promo (tool) > Coupon applicabile,https://salugea.com/products/succo-di-sambuco?variant=39254175219777&om=14641,21.28
8059591580707,221,Salugea,Kiomasal,Tutti meno programmi > Tutti meno memosan > Integratori per Donne > Coupon applicabile > Integratori per Capelli > All products > Integratori per Uomini > not-on-sale-welcome > Prodotti Naturali > Integratori Naturali Salugea > 13° Compleanno Salugea > Integratori Naturali adatti a Vegani e Vegetariani > Integratori di Vitamina B Naturale > Integratori a base di Quercetina > Prodotti Singoli Meno Promo (tool) > Integratori di Selenio > Integratori a base di Ortica > Integratori a base di Bambù > Integratori a base di Spirulina > Integratori di Zinco,https://salugea.com/products/kiomasal?variant=32373906145345&om=14641,32.32
8059591580738,224,Salugea,Reflugea Forte,Integratori naturali per lo Stomaco > All products > Integratori a base di Malva > Tutti meno memosan > Tutti meno programmi > 13° Compleanno Salugea > Prodotti Singoli Meno Promo (tool) > Integratori per l'apparato digerente > Integratori Naturali adatti a Vegani e Vegetariani > Prodotti Naturali > Coupon applicabile > Integratori a base di Fico > Integratori Naturali Salugea > Promo Stomaco e Intestino > Integratori a base di Tiglio > Integratori a base di Resina di Mastiha > Integratori per la Digestione 100% Naturali > Integratori a base di Amla,https://salugea.com/products/reflugea-forte?variant=39807175131201&om=14641,29.28
8059591580745,225,Salugea,Intestinum Forte,Coupon applicabile > Integratori naturali per l'intestino > Integratori a base di Malva > All products > Promo Stomaco e Intestino > 13° Compleanno Salugea > Integratori per la Digestione 100% Naturali > Tutti meno programmi > Integratori a base di Griffonia > Integratori Naturali Salugea > Tutti meno memosan > Prodotti Singoli Meno Promo (tool) > Integratori per l'apparato digerente > Integratori Naturali adatti a Vegani e Vegetariani > Integratori a base di Perilla > Integratori a base di Mirtillo Rosso > Prodotti Naturali > Integratori a base di Anice stellato,https://salugea.com/products/intestinum-forte?variant=39915990057025&om=14641,26.08
8059591580752,226,Salugea,Dimasal Nuova Formula,"13° Compleanno Salugea > Integratori a base di Cassia nomame > Prodotti Singoli Meno Promo (tool) > Integratori 100% Naturali per il tuo benessere e la tua bellezza > Promo Gambe Leggere > Coupon applicabile > not-on-sale-welcome > Integratori Anticellulite > Integratori a base di Ananas > All products > Tutti meno programmi > Prodotti Naturali > Tutti meno memosan > Integratori a base di Melograno > Integratori Naturali adatti a Vegani e Vegetariani > Termogenici Naturali > Integratori Naturali Salugea > Beauty Week | Benessere dentro, Bellezza fuori > Remise en forme",https://salugea.com/products/dimasal?variant=31926406086721&om=14641,45.28
8059591580769,227,Salugea,Prostadoc,Integratori di Selenio > Tutti meno programmi > Integratori per Anziani > Integratori per l'apparato riproduttivo > Integratori a base di Ortica > Tutti meno memosan > Integratori per l'apparato urinario > Coupon applicabile > Prodotti Singoli Meno Promo (tool) > All products > Integratori per Uomini > Integratori per le Vie Urinarie > Integratori a base di Melograno > Integratori a base di Zucca > Integratori a base di EnotProst® > Integratori a base di Epilobio > Prodotti Naturali > 13° Compleanno Salugea > Integratori per la Prostata,https://salugea.com/products/prostadoc?variant=40168961736769&om=14641,34.56
8059591580776,228,Salugea,Allergisan,Health & Beauty > Health Care > Fitness & Nutrition > Vitamins & Supplements,https://salugea.com/products/allergisan?variant=40324165500993&om=14641,25.92
8059591580783,229,Salugea,Cartilagea,Health & Beauty > Health Care > Fitness & Nutrition > Vitamins & Supplements,https://salugea.com/products/cartilagea?variant=40355899473985&om=14641,41.76
8059591580790,231,Salugea,Ferro + B12,Health & Beauty > Health Care > Fitness & Nutrition > Vitamins & Supplements,https://salugea.com/products/integratore-ferro-b12?variant=40383972835393&om=14641,30.72
8059591580806,230,Salugea,ImmunoGea,Health & Beauty > Health Care > Fitness & Nutrition > Vitamins & Supplements,https://salugea.com/products/immunogea-integratore-difese-immunitarie-adulti?variant=50722061648201&om=14641,42.08
8059591580813,232,Salugea,Goladoc,Health & Beauty > Health Care > Fitness & Nutrition > Vitamins & Supplements,https://salugea.com/products/goladoc-spray-gola-naturale?variant=50319501525321&om=14641,15.52
8059591580837,234,Salugea,ProbioGea Intestino,Health & Beauty > Health Care > Fitness & Nutrition > Vitamins & Supplements,https://salugea.com/products/probiogea-intestino-probiotici?variant=53623098048897&om=14641,49.6
8059591580844,235,Salugea,ProbioGea Donna,Animals & Pet Supplies > Pet Supplies > Pet Vitamins & Supplements,https://salugea.com/products/probiogea-donna-probiotici?variant=53622945939841&om=14641,49.6
8059591580851,236,Salugea,ProbioGea Mente,Animals & Pet Supplies > Pet Supplies > Pet Vitamins & Supplements,https://salugea.com/products/probiogea-mente-probiotici?variant=53621961523585&om=14641,49.6
8059591580875,238,Salugea,Energea+ Nuova Formula,Integratori per la Stanchezza > Promo Energia Salugea > not-on-sale-welcome > Integratori per Anziani > Addio stress da rientro - Oggi fino al 20% di sconto! > Integratori di Manganese > Integratori a base di Semi d'Uva > Integratori Naturali Salugea > Integratori a base di Spirulina > Integratori per la Mente 100% Naturali > Energea e Sincrovir > Prodotti Naturali > Coupon applicabile > Integratori contro lo Stress 100% Naturali > Integratori per Sportivi > Integratori a base di Ginseng > Integratori a base di Shilajit > Integratori a base di Pappa Reale > Remise en forme > Tutti meno memosan > Prodotti Singoli Meno Promo (tool) > Integratori per Uomini > Tutti meno programmi > 13° Compleanno Salugea > Integratori Energizzanti Naturali > All products > Giornata della Felicità,https://salugea.com/products/energea?variant=39294334795841&om=14641,34.24
8059591580882,239,Salugea,LuxGea Pelle,Health & Beauty > Health Care > Fitness & Nutrition > Vitamins & Supplements,https://salugea.com/products/luxgea-pelle-collagene-da-bere?variant=54017993638273&om=14641,62.4
8059591580905,241,Salugea,Reset Intestino,Health & Beauty > Health Care > Fitness & Nutrition > Vitamins & Supplements,https://salugea.com/products/reset-intestino-integratore-detox?variant=54089191162241&om=14641,27.2
8059591580912,242,Salugea,Reflugea Rapido,Health & Beauty > Health Care > Fitness & Nutrition > Vitamins & Supplements,https://salugea.com/products/reflugea-rapido-antiacido-naturale?variant=54715832861057&om=14641,19.92
